HOM321.1014711.1562659,https://www.vrbo.com/1014711?unitId=1562659
HOM321.1047194.1595314,https://www.vrbo.com/1047194?unitId=1595314
HOM611.10478142.5504584,https://www.vrbo.com/10478142ha?unitId=5504584
HOM611.10478143.5504585,https://www.vrbo.com/10478143ha?unitId=5504585
HOM611.10478146.5504588,https://www.vrbo.com/10478146ha?unitId=5504588
HOM611.10478148.5504590,https://www.vrbo.com/10478148ha?unitId=5504590
HOM611.10478152.5504594,https://www.vrbo.com/10478152ha?unitId=5504594
HOM611.10478155.5504597,https://www.vrbo.com/10478155ha?unitId=5504597
HOM611.10478156.5504598,https://www.vrbo.com/10478156ha?unitId=5504598
HOM611.10478160.5504602,https://www.vrbo.com/10478160ha?unitId=5504602
HOM611.10478161.5504603,https://www.vrbo.com/10478161ha?unitId=5504603
HOM611.10478167.5504609,https://www.vrbo.com/10478167ha?unitId=5504609
HOM611.10478170.5504612,https://www.vrbo.com/10478170ha?unitId=5504612
HOM611.10479723.5506182,https://www.vrbo.com/10479723ha?unitId=5506182
HOM321.1048472.1596592,https://www.vrbo.com/1048472?unitId=1596592
HOM321.1048474.1596594,https://www.vrbo.com/1048474?unitId=1596594
HOM611.10810775.5841252,https://www.vrbo.com/10810775ha?unitId=5841252
HOM321.1097929.1646090,https://www.vrbo.com/1097929?unitId=1646090
HOM321.1177414.1728149,https://www.vrbo.com/1177414?unitId=1728149
HOM321.1185530.1736287,https://www.vrbo.com/1185530?unitId=1736287
HOM321.1187565.1738323,https://www.vrbo.com/1187565?unitId=1738323
HOM321.121204.121204,https://www.vrbo.com/121204?unitId=121204
HOM321.1232913.1783813,https://www.vrbo.com/1232913?unitId=1783813
HOM321.1257928.1808894,https://www.vrbo.com/1257928?unitId=1808894
HOM321.1278228.1829360,https://www.vrbo.com/1278228?unitId=1829360
HOM321.1284169.1835308,https://www.vrbo.com/1284169?unitId=1835308
HOM321.1290134.1841282,https://www.vrbo.com/1290134?unitId=1841282
HOM321.1310764.1862331,https://www.vrbo.com/1310764?unitId=1862331
HOM321.1310766.1862333,https://www.vrbo.com/1310766?unitId=1862333
HOM321.1329794.1888099,https://www.vrbo.com/1329794?unitId=1888099
HOM321.1350173.1908525,https://www.vrbo.com/1350173?unitId=1908525
HOM321.1350767.1909119,https://www.vrbo.com/1350767?unitId=1909119
HOM321.1358015.1916367,https://www.vrbo.com/1358015?unitId=1916367
HOM321.1377637.1935994,https://www.vrbo.com/1377637?unitId=1935994
HOM321.1378690.1937048,https://www.vrbo.com/1378690?unitId=1937048
HOM321.1378691.1937049,https://www.vrbo.com/1378691?unitId=1937049
HOM321.1378693.1937051,https://www.vrbo.com/1378693?unitId=1937051
HOM321.1410095.1968469,https://www.vrbo.com/1410095?unitId=1968469
HOM321.1412833.1971220,https://www.vrbo.com/1412833?unitId=1971220
HOM321.1439153.1997695,https://www.vrbo.com/1439153?unitId=1997695
HOM321.1467511.2026119,https://www.vrbo.com/1467511?unitId=2026119
HOM321.1475664.2034284,https://www.vrbo.com/1475664?unitId=2034284
HOM321.1475665.2034285,https://www.vrbo.com/1475665?unitId=2034285
HOM321.1499972.2058725,https://www.vrbo.com/1499972?unitId=2058725
HOM321.1558567.2118366,https://www.vrbo.com/1558567?unitId=2118366
HOM321.1566902.2128009,https://www.vrbo.com/1566902?unitId=2128009
HOM321.1593208.2154503,https://www.vrbo.com/1593208?unitId=2154503
HOM321.1606120.2167415,https://www.vrbo.com/1606120?unitId=2167415
HOM321.160734.160734,https://www.vrbo.com/160734?unitId=160734
HOM321.1611565.2172864,https://www.vrbo.com/1611565?unitId=2172864
HOM321.1625078.2186401,https://www.vrbo.com/1625078?unitId=2186401
HOM321.1634913.2196236,https://www.vrbo.com/1634913?unitId=2196236
HOM321.1637465.2198788,https://www.vrbo.com/1637465?unitId=2198788
HOM321.1638455.2199778,https://www.vrbo.com/1638455?unitId=2199778
HOM321.1640406.2201729,https://www.vrbo.com/1640406?unitId=2201729
HOM321.1667591.2228987,https://www.vrbo.com/1667591?unitId=2228987
HOM321.1674121.2235522,https://www.vrbo.com/1674121?unitId=2235522
HOM321.1687160.2248621,https://www.vrbo.com/1687160?unitId=2248621
HOM321.1706656.2268141,https://www.vrbo.com/1706656?unitId=2268141
HOM321.1724152.2285637,https://www.vrbo.com/1724152?unitId=2285637
HOM321.1747482.2308984,https://www.vrbo.com/1747482?unitId=2308984
HOM321.1779526.2341035,https://www.vrbo.com/1779526?unitId=2341035
HOM321.1779527.2341036,https://www.vrbo.com/1779527?unitId=2341036
HOM321.1779528.2341037,https://www.vrbo.com/1779528?unitId=2341037
HOM321.1779529.2341038,https://www.vrbo.com/1779529?unitId=2341038
HOM321.1779530.2341039,https://www.vrbo.com/1779530?unitId=2341039
HOM321.1779532.2341041,https://www.vrbo.com/1779532?unitId=2341041
HOM321.1779533.2341042,https://www.vrbo.com/1779533?unitId=2341042
HOM321.1779535.2341044,https://www.vrbo.com/1779535?unitId=2341044
HOM321.1779538.2341047,https://www.vrbo.com/1779538?unitId=2341047
HOM321.1779704.2341213,https://www.vrbo.com/1779704?unitId=2341213
HOM321.1782370.2343879,https://www.vrbo.com/1782370?unitId=2343879
HOM321.1791191.2352700,https://www.vrbo.com/1791191?unitId=2352700
HOM321.1791270.2352779,https://www.vrbo.com/1791270?unitId=2352779
HOM321.1806006.2367515,https://www.vrbo.com/1806006?unitId=2367515
HOM321.1806007.2367516,https://www.vrbo.com/1806007?unitId=2367516
HOM321.1808855.2370364,https://www.vrbo.com/1808855?unitId=2370364
HOM321.1842840.2404350,https://www.vrbo.com/1842840?unitId=2404350
HOM321.1864155.2426664,https://www.vrbo.com/1864155?unitId=2426664
HOM321.1907340.2469857,https://www.vrbo.com/1907340?unitId=2469857
HOM321.1907795.2470312,https://www.vrbo.com/1907795?unitId=2470312
HOM321.1907796.2470313,https://www.vrbo.com/1907796?unitId=2470313
HOM321.1918871.2481390,https://www.vrbo.com/1918871?unitId=2481390
HOM321.1925903.2488422,https://www.vrbo.com/1925903?unitId=2488422
HOM321.1939175.2501696,https://www.vrbo.com/1939175?unitId=2501696
HOM321.1948305.2510827,https://www.vrbo.com/1948305?unitId=2510827
HOM321.1977547.2542064,https://www.vrbo.com/1977547?unitId=2542064
HOM321.1977567.2542084,https://www.vrbo.com/1977567?unitId=2542084
HOM321.1999513.2564030,https://www.vrbo.com/1999513?unitId=2564030
HOM321.1999514.2564031,https://www.vrbo.com/1999514?unitId=2564031
HOM321.1999537.2564054,https://www.vrbo.com/1999537?unitId=2564054
HOM321.2021852.2586369,https://www.vrbo.com/2021852?unitId=2586369
HOM321.2022512.2587029,https://www.vrbo.com/2022512?unitId=2587029
HOM321.2040981.2605501,https://www.vrbo.com/2040981?unitId=2605501
HOM321.2049977.2614497,https://www.vrbo.com/2049977?unitId=2614497
HOM321.2064429.2628961,https://www.vrbo.com/2064429?unitId=2628961
HOM321.2087753.2652286,https://www.vrbo.com/2087753?unitId=2652286
HOM321.2087801.2652334,https://www.vrbo.com/2087801?unitId=2652334
HOM321.2087827.2652360,https://www.vrbo.com/2087827?unitId=2652360
HOM321.2087834.2652367,https://www.vrbo.com/2087834?unitId=2652367
HOM321.2095249.2659782,https://www.vrbo.com/2095249?unitId=2659782
HOM321.2125514.2690048,https://www.vrbo.com/2125514?unitId=2690048
HOM321.2126355.2690889,https://www.vrbo.com/2126355?unitId=2690889
HOM321.2134501.2699037,https://www.vrbo.com/2134501?unitId=2699037
HOM321.2164176.2728712,https://www.vrbo.com/2164176?unitId=2728712
HOM321.2194373.2758914,https://www.vrbo.com/2194373?unitId=2758914
HOM321.2200532.2765073,https://www.vrbo.com/2200532?unitId=2765073
HOM321.2205078.2769632,https://www.vrbo.com/2205078?unitId=2769632
HOM321.2250362.2814928,https://www.vrbo.com/2250362?unitId=2814928
HOM321.2266435.2831307,https://www.vrbo.com/2266435?unitId=2831307
HOM321.2266452.2831324,https://www.vrbo.com/2266452?unitId=2831324
HOM321.2266500.2831372,https://www.vrbo.com/2266500?unitId=2831372
HOM321.2267654.2832526,https://www.vrbo.com/2267654?unitId=2832526
HOM321.2267657.2832529,https://www.vrbo.com/2267657?unitId=2832529
HOM321.2267700.2832572,https://www.vrbo.com/2267700?unitId=2832572
HOM321.2267703.2832575,https://www.vrbo.com/2267703?unitId=2832575
HOM321.2267740.2832612,https://www.vrbo.com/2267740?unitId=2832612
HOM321.2269159.2834033,https://www.vrbo.com/2269159?unitId=2834033
HOM321.2269185.2834059,https://www.vrbo.com/2269185?unitId=2834059
HOM321.2269250.2834124,https://www.vrbo.com/2269250?unitId=2834124
HOM321.2279003.2843885,https://www.vrbo.com/2279003?unitId=2843885
HOM321.2290890.2856499,https://www.vrbo.com/2290890?unitId=2856499
HOM321.2290891.2856505,https://www.vrbo.com/2290891?unitId=2856505
HOM321.2320777.2887029,https://www.vrbo.com/2320777?unitId=2887029
HOM121.3475380.3449935,https://www.vrbo.com/3475380ha?unitId=3449935
HOM121.3498815.3476349,https://www.vrbo.com/3498815ha?unitId=3476349
HOM121.3498822.3476356,https://www.vrbo.com/3498822ha?unitId=3476356
HOM121.3498824.3476358,https://www.vrbo.com/3498824ha?unitId=3476358
HOM121.3498850.3476384,https://www.vrbo.com/3498850ha?unitId=3476384
HOM121.3498877.3476411,https://www.vrbo.com/3498877ha?unitId=3476411
HOM121.3627498.3641920,https://www.vrbo.com/3627498ha?unitId=3641920
HOM121.3732910.3747631,https://www.vrbo.com/3732910ha?unitId=3747631
HOM121.3798246.3813244,https://www.vrbo.com/3798246ha?unitId=3813244
HOM121.3798247.3813245,https://www.vrbo.com/3798247ha?unitId=3813245
HOM121.3845529.4219049,https://www.vrbo.com/3845529ha?unitId=4219049
HOM121.3882878.4256398,https://www.vrbo.com/3882878ha?unitId=4256398
HOM121.390440.3180854,https://www.vrbo.com/390440ha?unitId=3180854
HOM121.3905187.4278707,https://www.vrbo.com/3905187ha?unitId=4278707
HOM121.3905321.4278841,https://www.vrbo.com/3905321ha?unitId=4278841
HOM121.3905334.4278854,https://www.vrbo.com/3905334ha?unitId=4278854
HOM121.3926306.4299826,https://www.vrbo.com/3926306ha?unitId=4299826
HOM121.3966489.4353095,https://www.vrbo.com/3966489ha?unitId=4353095
HOM121.3990382.4377878,https://www.vrbo.com/3990382ha?unitId=4377878
HOM121.3990385.4377881,https://www.vrbo.com/3990385ha?unitId=4377881
HOM121.3990386.4377882,https://www.vrbo.com/3990386ha?unitId=4377882
HOM121.3990390.4377886,https://www.vrbo.com/3990390ha?unitId=4377886
HOM121.3990391.4377887,https://www.vrbo.com/3990391ha?unitId=4377887
HOM121.4016696.4405708,https://www.vrbo.com/4016696ha?unitId=4405708
HOM121.4074449.4470743,https://www.vrbo.com/4074449ha?unitId=4470743
HOM121.4104748.4503686,https://www.vrbo.com/4104748ha?unitId=4503686
HOM121.4104749.4503687,https://www.vrbo.com/4104749ha?unitId=4503687
HOM121.4104750.4503688,https://www.vrbo.com/4104750ha?unitId=4503688
HOM121.4112621.4511895,https://www.vrbo.com/4112621ha?unitId=4511895
HOM121.4161196.4562996,https://www.vrbo.com/4161196ha?unitId=4562996
HOM121.4163871.4565673,https://www.vrbo.com/4163871ha?unitId=4565673
HOM121.4163872.4565674,https://www.vrbo.com/4163872ha?unitId=4565674
HOM121.4163881.4565683,https://www.vrbo.com/4163881ha?unitId=4565683
HOM121.4163883.4565685,https://www.vrbo.com/4163883ha?unitId=4565685
HOM121.4163887.4565689,https://www.vrbo.com/4163887ha?unitId=4565689
HOM121.4163888.4565690,https://www.vrbo.com/4163888ha?unitId=4565690
HOM121.4163891.4565693,https://www.vrbo.com/4163891ha?unitId=4565693
HOM321.419059.1002106,https://www.vrbo.com/419059?unitId=1002106
HOM121.4262683.4670312,https://www.vrbo.com/4262683ha?unitId=4670312
HOM121.4291793.4701174,https://www.vrbo.com/4291793ha?unitId=4701174
HOM121.4306897.4716843,https://www.vrbo.com/4306897ha?unitId=4716843
HOM121.4381255.4811081,https://www.vrbo.com/4381255ha?unitId=4811081
HOM121.4386874.4832072,https://www.vrbo.com/4386874ha?unitId=4832072
HOM121.4386874.4832161,https://www.vrbo.com/4386874ha?unitId=4832161
HOM121.4386874.8335451,https://www.vrbo.com/4386874ha?unitId=8335451
HOM121.4392424.4858762,https://www.vrbo.com/4392424ha?unitId=4858762
HOM121.4392424.4858829,https://www.vrbo.com/4392424ha?unitId=4858829
HOM121.4413658.4956734,https://www.vrbo.com/4413658ha?unitId=4956734
HOM121.4413658.4956806,https://www.vrbo.com/4413658ha?unitId=4956806
HOM121.4427989.5010559,https://www.vrbo.com/4427989ha?unitId=5010559
HOM121.4442049.5026806,https://www.vrbo.com/4442049ha?unitId=5026806
HOM121.4477755.5066107,https://www.vrbo.com/4477755ha?unitId=5066107
HOM121.4539065.5144770,https://www.vrbo.com/4539065ha?unitId=5144770
HOM121.4539096.5144896,https://www.vrbo.com/4539096ha?unitId=5144896
HOM121.4539096.5144897,https://www.vrbo.com/4539096ha?unitId=5144897
HOM121.4539138.5145102,https://www.vrbo.com/4539138ha?unitId=5145102
HOM121.4544765.5153044,https://www.vrbo.com/4544765ha?unitId=5153044
HOM121.4544766.5153045,https://www.vrbo.com/4544766ha?unitId=5153045
HOM121.4589696.5229650,https://www.vrbo.com/4589696ha?unitId=5229650
HOM121.4591977.5240534,https://www.vrbo.com/4591977ha?unitId=5240534
HOM121.4599675.5308425,https://www.vrbo.com/4599675ha?unitId=5308425
HOM121.4646010.5404255,https://www.vrbo.com/4646010ha?unitId=5404255
HOM121.4663801.5478554,https://www.vrbo.com/4663801ha?unitId=5478554
HOM121.4731789.5705581,https://www.vrbo.com/4731789ha?unitId=5705581
HOM121.4748959.5728691,https://www.vrbo.com/4748959ha?unitId=5728691
HOM121.4748960.5728692,https://www.vrbo.com/4748960ha?unitId=5728692
HOM121.4749045.5728778,https://www.vrbo.com/4749045ha?unitId=5728778
HOM121.4749046.5728779,https://www.vrbo.com/4749046ha?unitId=5728779
HOM121.4768968.5753321,https://www.vrbo.com/4768968ha?unitId=5753321
HOM121.4768976.5753329,https://www.vrbo.com/4768976ha?unitId=5753329
HOM121.4769007.5753360,https://www.vrbo.com/4769007ha?unitId=5753360
HOM121.4769008.5753361,https://www.vrbo.com/4769008ha?unitId=5753361
HOM121.4791529.5780098,https://www.vrbo.com/4791529ha?unitId=5780098
HOM121.4799837.5790483,https://www.vrbo.com/4799837ha?unitId=5790483
HOM121.4809773.5803011,https://www.vrbo.com/4809773ha?unitId=5803011
HOM121.4842934.5846658,https://www.vrbo.com/4842934ha?unitId=5846658
HOM121.4842935.5846659,https://www.vrbo.com/4842935ha?unitId=5846659
HOM121.4842937.5846661,https://www.vrbo.com/4842937ha?unitId=5846661
HOM121.4842938.5846662,https://www.vrbo.com/4842938ha?unitId=5846662
HOM121.4863565.5882683,https://www.vrbo.com/4863565ha?unitId=5882683
HOM121.4867469.5889993,https://www.vrbo.com/4867469ha?unitId=5889993
HOM121.4869204.5893351,https://www.vrbo.com/4869204ha?unitId=5893351
HOM121.4937558.6113708,https://www.vrbo.com/4937558ha?unitId=6113708
HOM121.4941815.6119181,https://www.vrbo.com/4941815ha?unitId=6119181
HOM121.4989370.6225635,https://www.vrbo.com/4989370ha?unitId=6225635
HOM121.4995078.6233863,https://www.vrbo.com/4995078ha?unitId=6233863
HOM321.560.560,https://www.vrbo.com/560?unitId=560
HOM321.575242.1122559,https://www.vrbo.com/575242?unitId=1122559
HOM321.580710.1128027,https://www.vrbo.com/580710?unitId=1128027
HOM321.606393.1153710,https://www.vrbo.com/606393?unitId=1153710
HOM321.610056.1157373,https://www.vrbo.com/610056?unitId=1157373
HOM321.613774.1161091,https://www.vrbo.com/613774?unitId=1161091
HOM321.633812.1181593,https://www.vrbo.com/633812?unitId=1181593
HOM321.674272.1222210,https://www.vrbo.com/674272?unitId=1222210
HOM321.699853.1247791,https://www.vrbo.com/699853?unitId=1247791
HOM321.699870.1247808,https://www.vrbo.com/699870?unitId=1247808
HOM321.705159.1253097,https://www.vrbo.com/705159?unitId=1253097
HOM121.7103915.6259955,https://www.vrbo.com/7103915ha?unitId=6259955
HOM121.7106338.6260764,https://www.vrbo.com/7106338ha?unitId=6260764
HOM121.7132192.6278954,https://www.vrbo.com/7132192ha?unitId=6278954
HOM121.7150285.6308448,https://www.vrbo.com/7150285ha?unitId=6308448
HOM121.7152803.6314076,https://www.vrbo.com/7152803ha?unitId=6314076
HOM121.7155185.6318120,https://www.vrbo.com/7155185ha?unitId=6318120
HOM121.7185904.6360543,https://www.vrbo.com/7185904ha?unitId=6360543
HOM121.7185911.6360550,https://www.vrbo.com/7185911ha?unitId=6360550
HOM321.721826.1269764,https://www.vrbo.com/721826?unitId=1269764
HOM321.721827.1269765,https://www.vrbo.com/721827?unitId=1269765
HOM121.7296001.6612687,https://www.vrbo.com/7296001ha?unitId=6612687
HOM121.7304653.6623579,https://www.vrbo.com/7304653ha?unitId=6623579
HOM121.7304656.6623582,https://www.vrbo.com/7304656ha?unitId=6623582
HOM121.7318822.6650778,https://www.vrbo.com/7318822ha?unitId=6650778
HOM121.7336532.6679283,https://www.vrbo.com/7336532ha?unitId=6679283
HOM121.7350829.6704308,https://www.vrbo.com/7350829ha?unitId=6704308
HOM121.7350867.6704353,https://www.vrbo.com/7350867ha?unitId=6704353
HOM121.7350872.6704358,https://www.vrbo.com/7350872ha?unitId=6704358
HOM121.7350874.6704360,https://www.vrbo.com/7350874ha?unitId=6704360
HOM121.7350875.6704361,https://www.vrbo.com/7350875ha?unitId=6704361
HOM121.7350876.6704362,https://www.vrbo.com/7350876ha?unitId=6704362
HOM121.7350879.6704365,https://www.vrbo.com/7350879ha?unitId=6704365
HOM121.7350889.6704377,https://www.vrbo.com/7350889ha?unitId=6704377
HOM121.7350892.6704380,https://www.vrbo.com/7350892ha?unitId=6704380
HOM121.7391446.6761713,https://www.vrbo.com/7391446ha?unitId=6761713
HOM321.739251.1287189,https://www.vrbo.com/739251?unitId=1287189
HOM321.739327.1287265,https://www.vrbo.com/739327?unitId=1287265
HOM121.7419248.6795840,https://www.vrbo.com/7419248ha?unitId=6795840
HOM121.7419259.6795851,https://www.vrbo.com/7419259ha?unitId=6795851
HOM321.744463.1292401,https://www.vrbo.com/744463?unitId=1292401
HOM321.744464.1292402,https://www.vrbo.com/744464?unitId=1292402
HOM321.744465.1292403,https://www.vrbo.com/744465?unitId=1292403
HOM321.744466.1292404,https://www.vrbo.com/744466?unitId=1292404
HOM121.7451391.6840227,https://www.vrbo.com/7451391ha?unitId=6840227
HOM321.748505.1296443,https://www.vrbo.com/748505?unitId=1296443
HOM321.748873.1296811,https://www.vrbo.com/748873?unitId=1296811
HOM321.749128.1297066,https://www.vrbo.com/749128?unitId=1297066
HOM321.749196.1297134,https://www.vrbo.com/749196?unitId=1297134
HOM121.7504705.6915847,https://www.vrbo.com/7504705ha?unitId=6915847
HOM321.752718.1300656,https://www.vrbo.com/752718?unitId=1300656
HOM121.7529318.6942899,https://www.vrbo.com/7529318ha?unitId=6942899
HOM121.7529330.6942911,https://www.vrbo.com/7529330ha?unitId=6942911
HOM121.7563632.6988882,https://www.vrbo.com/7563632ha?unitId=6988882
HOM121.7564166.6989430,https://www.vrbo.com/7564166ha?unitId=6989430
HOM121.7566937.6992220,https://www.vrbo.com/7566937ha?unitId=6992220
HOM121.7572101.7001076,https://www.vrbo.com/7572101ha?unitId=7001076
HOM121.7575864.7007105,https://www.vrbo.com/7575864ha?unitId=7007105
HOM121.7589217.7030631,https://www.vrbo.com/7589217ha?unitId=7030631
HOM321.759540.1307478,https://www.vrbo.com/759540?unitId=1307478
HOM321.759581.1307519,https://www.vrbo.com/759581?unitId=1307519
HOM321.766275.1314213,https://www.vrbo.com/766275?unitId=1314213
HOM121.7665007.7126158,https://www.vrbo.com/7665007ha?unitId=7126158
HOM321.769570.1317508,https://www.vrbo.com/769570?unitId=1317508
HOM121.7697203.7168198,https://www.vrbo.com/7697203ha?unitId=7168198
HOM121.7702377.7174777,https://www.vrbo.com/7702377ha?unitId=7174777
HOM121.7703798.7176540,https://www.vrbo.com/7703798ha?unitId=7176540
HOM121.7712856.7185985,https://www.vrbo.com/7712856ha?unitId=7185985
HOM121.7744130.7313037,https://www.vrbo.com/7744130ha?unitId=7313037
HOM121.7814518.7545022,https://www.vrbo.com/7814518ha?unitId=7545022
HOM121.7814519.7545023,https://www.vrbo.com/7814519ha?unitId=7545023
HOM121.7814524.7545028,https://www.vrbo.com/7814524ha?unitId=7545028
HOM121.7818123.7549291,https://www.vrbo.com/7818123ha?unitId=7549291
HOM121.7825363.7560208,https://www.vrbo.com/7825363ha?unitId=7560208
HOM121.7825713.7561166,https://www.vrbo.com/7825713ha?unitId=7561166
HOM321.785021.1332959,https://www.vrbo.com/785021?unitId=1332959
HOM121.7862725.7609137,https://www.vrbo.com/7862725ha?unitId=7609137
HOM121.7865279.7612312,https://www.vrbo.com/7865279ha?unitId=7612312
HOM121.7874985.7633336,https://www.vrbo.com/7874985ha?unitId=7633336
HOM121.7879613.7639462,https://www.vrbo.com/7879613ha?unitId=7639462
HOM321.789055.1336993,https://www.vrbo.com/789055?unitId=1336993
HOM121.7897849.7659197,https://www.vrbo.com/7897849ha?unitId=7659197
HOM121.7932345.7699723,https://www.vrbo.com/7932345ha?unitId=7699723
HOM121.7935800.7703178,https://www.vrbo.com/7935800ha?unitId=7703178
HOM121.7935820.7703198,https://www.vrbo.com/7935820ha?unitId=7703198
HOM121.7985041.7804388,https://www.vrbo.com/7985041ha?unitId=7804388
HOM321.821728.1369666,https://www.vrbo.com/821728?unitId=1369666
HOM321.832993.1380932,https://www.vrbo.com/832993?unitId=1380932
HOM321.857046.1404985,https://www.vrbo.com/857046?unitId=1404985
HOM321.857047.1404986,https://www.vrbo.com/857047?unitId=1404986
HOM321.857536.1405475,https://www.vrbo.com/857536?unitId=1405475
HOM321.864624.1412563,https://www.vrbo.com/864624?unitId=1412563
HOM321.865057.1412996,https://www.vrbo.com/865057?unitId=1412996
HOM321.87094.87094,https://www.vrbo.com/87094?unitId=87094
HOM321.876138.1424077,https://www.vrbo.com/876138?unitId=1424077
HOM321.876143.1424082,https://www.vrbo.com/876143?unitId=1424082
HOM321.879576.1427515,https://www.vrbo.com/879576?unitId=1427515
HOM321.880715.1428655,https://www.vrbo.com/880715?unitId=1428655
HOM321.888814.1436755,https://www.vrbo.com/888814?unitId=1436755
HOM121.9004828.7867816,https://www.vrbo.com/9004828ha?unitId=7867816
HOM321.901472.1449413,https://www.vrbo.com/901472?unitId=1449413
HOM321.901488.1449429,https://www.vrbo.com/901488?unitId=1449429
HOM121.9072952.8053324,https://www.vrbo.com/9072952ha?unitId=8053324
HOM121.9075408.8055374,https://www.vrbo.com/9075408ha?unitId=8055374
HOM121.9076719.8056625,https://www.vrbo.com/9076719ha?unitId=8056625
HOM121.9078335.8058110,https://www.vrbo.com/9078335ha?unitId=8058110
HOM121.9082323.8061492,https://www.vrbo.com/9082323ha?unitId=8061492
HOM311.9083322.8062311,https://www.vrbo.com/9083322ha?unitId=8062311
HOM121.9086903.8065286,https://www.vrbo.com/9086903ha?unitId=8065286
HOM121.9087050.8065434,https://www.vrbo.com/9087050ha?unitId=8065434
HOM121.9087053.8065437,https://www.vrbo.com/9087053ha?unitId=8065437
HOM121.9087057.8065441,https://www.vrbo.com/9087057ha?unitId=8065441
HOM121.9088465.8066761,https://www.vrbo.com/9088465ha?unitId=8066761
HOM121.9100619.8099647,https://www.vrbo.com/9100619ha?unitId=8099647
HOM121.9124926.8164014,https://www.vrbo.com/9124926ha?unitId=8164014
HOM121.9127149.8166241,https://www.vrbo.com/9127149ha?unitId=8166241
HOM121.9127150.8166242,https://www.vrbo.com/9127150ha?unitId=8166242
HOM121.9127151.8166243,https://www.vrbo.com/9127151ha?unitId=8166243
HOM121.9168844.8210960,https://www.vrbo.com/9168844ha?unitId=8210960
HOM121.9169189.8211161,https://www.vrbo.com/9169189ha?unitId=8211161
HOM121.9194104.8222837,https://www.vrbo.com/9194104ha?unitId=8222837
HOM121.9206780.8228125,https://www.vrbo.com/9206780ha?unitId=8228125
HOM311.9229251.8239116,https://www.vrbo.com/9229251ha?unitId=8239116
HOM121.9239088.8255824,https://www.vrbo.com/9239088ha?unitId=8255824
HOM121.9314890.8373188,https://www.vrbo.com/9314890ha?unitId=8373188
HOM121.9345251.8416209,https://www.vrbo.com/9345251ha?unitId=8416209
HOM121.9346415.8417384,https://www.vrbo.com/9346415ha?unitId=8417384
HOM121.9355414.8426416,https://www.vrbo.com/9355414ha?unitId=8426416
HOM121.9355417.8426419,https://www.vrbo.com/9355417ha?unitId=8426419
HOM121.9364136.8435161,https://www.vrbo.com/9364136ha?unitId=8435161
HOM121.9391815.8470652,https://www.vrbo.com/9391815ha?unitId=8470652
HOM121.9393762.8472606,https://www.vrbo.com/9393762ha?unitId=8472606
HOM121.9395368.8474214,https://www.vrbo.com/9395368ha?unitId=8474214
HOM121.9409716.8488589,https://www.vrbo.com/9409716ha?unitId=8488589
HOM121.9410681.8489592,https://www.vrbo.com/9410681ha?unitId=8489592
HOM121.9410709.8489620,https://www.vrbo.com/9410709ha?unitId=8489620
HOM121.9410731.8489642,https://www.vrbo.com/9410731ha?unitId=8489642
HOM121.9411415.8490328,https://www.vrbo.com/9411415ha?unitId=8490328
HOM121.9454119.8533222,https://www.vrbo.com/9454119ha?unitId=8533222
HOM121.9455499.8534602,https://www.vrbo.com/9455499ha?unitId=8534602
HOM121.9455868.8534971,https://www.vrbo.com/9455868ha?unitId=8534971
HOM121.9456896.8535999,https://www.vrbo.com/9456896ha?unitId=8535999
HOM121.9456897.8536000,https://www.vrbo.com/9456897ha?unitId=8536000
HOM121.9469936.8549166,https://www.vrbo.com/9469936ha?unitId=8549166
HOM121.9470675.8549907,https://www.vrbo.com/9470675ha?unitId=8549907
HOM121.9482325.8561585,https://www.vrbo.com/9482325ha?unitId=8561585
HOM121.9484224.8563491,https://www.vrbo.com/9484224ha?unitId=8563491
HOM121.9499516.8578940,https://www.vrbo.com/9499516ha?unitId=8578940
HOM121.9505163.8584715,https://www.vrbo.com/9505163ha?unitId=8584715
HOM121.9507315.8586869,https://www.vrbo.com/9507315ha?unitId=8586869
HOM121.9508597.8588154,https://www.vrbo.com/9508597ha?unitId=8588154
HOM121.9519495.8599099,https://www.vrbo.com/9519495ha?unitId=8599099
HOM121.9519499.8599103,https://www.vrbo.com/9519499ha?unitId=8599103
HOM121.9519500.8599104,https://www.vrbo.com/9519500ha?unitId=8599104
HOM121.9519501.8599105,https://www.vrbo.com/9519501ha?unitId=8599105
HOM121.9519502.8599106,https://www.vrbo.com/9519502ha?unitId=8599106
HOM121.9520760.8600364,https://www.vrbo.com/9520760ha?unitId=8600364
HOM121.9520761.8600365,https://www.vrbo.com/9520761ha?unitId=8600365
HOM121.9522698.8602331,https://www.vrbo.com/9522698ha?unitId=8602331
HOM121.9522817.8602450,https://www.vrbo.com/9522817ha?unitId=8602450
HOM121.9522819.8602452,https://www.vrbo.com/9522819ha?unitId=8602452
HOM121.9522821.8602454,https://www.vrbo.com/9522821ha?unitId=8602454
HOM121.9522822.8602455,https://www.vrbo.com/9522822ha?unitId=8602455
HOM121.9522824.8602457,https://www.vrbo.com/9522824ha?unitId=8602457
HOM121.9523645.8603286,https://www.vrbo.com/9523645ha?unitId=8603286
HOM121.9523650.8603291,https://www.vrbo.com/9523650ha?unitId=8603291
HOM121.9524156.8603803,https://www.vrbo.com/9524156ha?unitId=8603803
HOM121.9528589.8608243,https://www.vrbo.com/9528589ha?unitId=8608243
HOM121.9528590.8608244,https://www.vrbo.com/9528590ha?unitId=8608244
HOM121.9528591.8608245,https://www.vrbo.com/9528591ha?unitId=8608245
HOM121.9528592.8608246,https://www.vrbo.com/9528592ha?unitId=8608246
HOM121.9529797.8609453,https://www.vrbo.com/9529797ha?unitId=8609453
HOM121.9530295.8609951,https://www.vrbo.com/9530295ha?unitId=8609951
HOM121.9530310.8609966,https://www.vrbo.com/9530310ha?unitId=8609966
HOM121.9531601.8611257,https://www.vrbo.com/9531601ha?unitId=8611257
HOM121.9531602.8611258,https://www.vrbo.com/9531602ha?unitId=8611258
HOM121.9531757.8611414,https://www.vrbo.com/9531757ha?unitId=8611414
HOM121.9533099.8612763,https://www.vrbo.com/9533099ha?unitId=8612763
HOM121.9533100.8612764,https://www.vrbo.com/9533100ha?unitId=8612764
HOM121.9535023.8614692,https://www.vrbo.com/9535023ha?unitId=8614692
HOM121.9535139.8614808,https://www.vrbo.com/9535139ha?unitId=8614808
HOM121.9537868.8617549,https://www.vrbo.com/9537868ha?unitId=8617549
HOM121.9537869.8617550,https://www.vrbo.com/9537869ha?unitId=8617550
HOM121.9537870.8617551,https://www.vrbo.com/9537870ha?unitId=8617551
HOM121.9543466.8623159,https://www.vrbo.com/9543466ha?unitId=8623159
HOM121.9543574.8623267,https://www.vrbo.com/9543574ha?unitId=8623267
HOM121.9544257.8623950,https://www.vrbo.com/9544257ha?unitId=8623950
HOM121.9544729.8624422,https://www.vrbo.com/9544729ha?unitId=8624422
HOM121.9545109.8624803,https://www.vrbo.com/9545109ha?unitId=8624803
HOM121.9548106.8627800,https://www.vrbo.com/9548106ha?unitId=8627800
HOM121.9551284.8630981,https://www.vrbo.com/9551284ha?unitId=8630981
HOM121.9552780.8632479,https://www.vrbo.com/9552780ha?unitId=8632479
HOM121.9553872.8633573,https://www.vrbo.com/9553872ha?unitId=8633573
HOM121.9554245.8633946,https://www.vrbo.com/9554245ha?unitId=8633946
HOM121.9554391.8634098,https://www.vrbo.com/9554391ha?unitId=8634098
HOM121.9562952.8642677,https://www.vrbo.com/9562952ha?unitId=8642677
HOM121.9564963.8644690,https://www.vrbo.com/9564963ha?unitId=8644690
HOM121.9566869.8646596,https://www.vrbo.com/9566869ha?unitId=8646596
HOM121.9567595.8647322,https://www.vrbo.com/9567595ha?unitId=8647322
HOM121.9569061.8648791,https://www.vrbo.com/9569061ha?unitId=8648791
HOM121.9569579.8649309,https://www.vrbo.com/9569579ha?unitId=8649309
HOM121.9570570.8650300,https://www.vrbo.com/9570570ha?unitId=8650300
HOM121.9570571.8650301,https://www.vrbo.com/9570571ha?unitId=8650301
HOM121.9571711.8651441,https://www.vrbo.com/9571711ha?unitId=8651441
HOM121.9572579.8652309,https://www.vrbo.com/9572579ha?unitId=8652309
HOM321.987164.1535120,https://www.vrbo.com/987164?unitId=1535120
HOM321.987967.1535923,https://www.vrbo.com/987967?unitId=1535923
HOM321.988514.1536470,https://www.vrbo.com/988514?unitId=1536470
